NETGEAR,WIFI 1,Basabeso,Ehab,basant,room
0,0,0,0,0,0
-57,-39,-66,-58,-39,1
-59,-35,0,-60,-35,1
-57,-40,-66,-60,-40,1
-56,-44,-70,0,-44,1
-58,-41,-63,-60,-41,1
-56,-85,-69,-59,-85,1
-59,-51,0,-60,-51,1
-58,-52,-71,-61,-52,1
-57,-45,-75,-61,-45,1
-57,-53,-72,-61,-53,1
-58,-38,-75,-60,-38,1
-56,-38,-76,-61,-38,1
-63,-37,0,-70,-37,1
-61,-45,-66,-71,-45,1
-71,-45,-64,-73,-45,1
-59,-47,-70,-71,-47,1
-61,-56,-69,-72,-56,1
-63,-32,-72,-73,-32,1
-59,-50,0,-66,-50,1
-60,-49,-72,-67,-49,1
-57,-60,-67,-69,-60,1
-57,-33,-71,0,-33,1
-71,-49,-75,0,-49,1
-75,-43,-73,0,-43,1
-67,-57,-68,0,-57,1
-65,-58,-64,-67,-58,1
-66,-63,-71,-63,-63,1
0,-53,-72,-63,-53,1
-68,-55,-69,-64,-55,1
-68,-62,-66,-66,-62,1
-70,-61,-69,-59,-61,1
-69,-60,-70,-62,-60,1
-73,-61,-73,-60,-61,1
-67,-63,-68,-62,-63,1
-77,-53,-72,-71,-53,1
-69,-65,-72,-71,-65,1
-76,-57,-84,-78,-57,1
-72,-56,-71,-68,-56,1
-66,-59,-66,-67,-59,1
-68,-67,-80,-73,-67,1
-65,-57,-72,-74,-57,1
-65,-57,-72,-80,-57,1
-70,-53,-66,-74,-53,1
-63,-52,-71,-64,-52,1
-70,-64,-70,-68,-64,1
-69,-71,-78,-66,-71,1
-73,-75,-71,-68,-75,1
-65,-58,-73,-65,-58,1
-70,-52,-72,-69,-52,1
-77,-61,-69,-63,-61,1
0,-60,-70,-67,-60,1
-69,-49,-76,-72,-49,1
-71,-54,-72,-69,-54,1
-69,-51,-68,-70,-51,1
-77,-51,-68,-64,-51,1
-69,-52,-71,-64,-52,1
-72,-42,-74,-63,-42,1
-72,-60,-69,-67,-60,1
-72,-49,-74,-72,-49,1
-65,-40,-78,-69,-40,1
-74,-54,-74,-85,-54,1
-69,-43,-65,-65,-43,1
-65,-49,-77,-62,-49,1
-61,-48,-78,-65,-48,1
-64,-42,-75,-63,-42,1
-65,-39,-70,-63,-39,1
-70,-30,-81,-65,-30,1
-63,-23,0,-63,-23,1
-61,-27,0,-67,-27,1
-68,-22,-74,-62,-22,1
-64,-36,-77,-65,-36,1
0,-10,0,-66,-10,1
-59,-12,-64,-64,-12,1
-59,-31,0,-72,-31,1
-63,-33,-75,-67,-33,1
-61,-33,-76,-69,-33,1
-57,-24,-73,-71,-24,1
-60,-33,0,-68,-33,1
-76,-51,-69,-70,-51,1
0,-52,-75,-65,-52,1
-71,-51,-68,-65,-51,1
-65,-48,-67,-66,-48,1
0,-47,-67,-63,-47,1
-65,-54,-69,-64,-54,1
-69,-40,-71,-69,-40,1
-68,-32,-79,-65,-32,1
0,-55,-80,-66,-55,1
-63,-62,-75,-58,-62,1
-68,-64,-71,-63,-64,1
0,-54,-70,-69,-54,1
-64,-57,-69,-58,-57,1
-62,-57,-67,-66,-57,1
-61,-56,-72,-66,-56,1
-65,-40,-71,-62,-40,1
-71,-51,-74,-60,-51,1
-72,-60,-69,-65,-60,1
-64,-51,-68,-66,-51,1
-62,-56,-73,-64,-56,1
-72,-53,-70,-71,-53,1
-71,-62,-66,-60,-62,1
-68,-64,-68,-61,-64,1
-70,-58,-73,-64,-58,1
-70,-56,-69,-65,-56,1
0,-62,-67,-65,-62,1
-65,-55,-67,-65,-55,1
-71,-54,-68,-66,-54,1
-63,-62,-76,-52,-62,1
0,-64,-69,-66,-64,1
-71,-60,-68,-68,-60,1
-69,-56,-73,-72,-56,1
0,-53,0,-58,-53,1
-67,-57,-75,-61,-57,1
-64,-67,0,-62,-67,1
-65,-69,-74,-69,-69,1
-68,-53,-68,-62,-53,1
-64,-52,-72,-59,-52,1
-62,-64,0,-66,-64,1
-68,-54,-67,-65,-54,1
-68,-52,-69,-57,-52,1
-72,-53,-68,-60,-53,1
-68,-54,-75,-63,-54,1
-65,-54,-70,-67,-54,1
0,-55,-77,-61,-55,1
-64,-61,-69,-56,-61,1
-63,-62,-68,-59,-62,1
-64,-67,0,-58,-67,1
-65,-60,-70,-55,-60,1
-63,-66,-72,-57,-66,1
-65,-68,0,-55,-68,1
-70,-65,-68,-55,-65,1
-67,-72,-69,-62,-72,1
-66,-66,-66,-56,-66,1
-68,-65,-72,-60,-65,1
-66,-68,-76,-60,-68,1
-65,-64,-73,-57,-64,1
-63,-68,-69,-59,-68,1
-65,-68,-69,-56,-68,1
-66,-66,-62,-61,-66,1
-74,-58,-61,-59,-58,1
-68,-72,-64,-60,-72,1
-68,-65,-62,-58,-65,1
-68,-68,-63,-60,-68,1
-76,-67,-71,-59,-67,1
-71,-67,0,-67,-67,1
-74,-66,-67,-65,-66,1
-74,-67,-63,-65,-67,1
0,-67,-60,-63,-67,1
0,-66,-60,-63,-66,1
-76,-63,-60,-60,-63,1
0,-70,-60,-64,-70,1
0,-70,0,-65,-70,1
-75,-68,-58,-64,-68,1
-69,-69,-58,-62,-69,1
-67,-69,0,-61,-69,1
-71,-75,-63,-65,-75,1
-69,-73,0,-70,-73,1
-64,-68,0,-70,-68,1
-78,-64,-66,-64,-64,1
-67,-83,0,-63,-83,1
0,-65,-73,-66,-65,1
-77,-63,-71,-67,-63,1
-64,-69,-77,-65,-69,1
0,-57,-66,-63,-57,1
-74,-65,-66,-65,-65,1
-71,-61,-69,-64,-61,1
0,-69,-66,-64,-69,1
-67,-62,-70,-68,-62,1
-74,-58,-61,-63,-58,1
0,-64,-66,-66,-64,1
0,-61,-68,-74,-61,1
-82,-65,-68,-73,-65,1
0,-66,-65,-73,-66,1
-62,-68,-70,-66,-68,1
-70,-63,-61,-66,-63,1
-69,-59,0,-57,-59,1
-72,-63,-83,-74,-63,1
-70,-66,-71,-67,-66,1
-67,-65,0,-67,-65,1
0,-65,-63,-67,-65,1
-67,-68,-68,-57,-68,1
-71,-64,-61,-63,-64,1
-73,-61,-65,-63,-61,1
-73,-65,-66,-65,-65,1
0,-69,-69,-65,-69,1
-79,-64,-62,-66,-64,1
0,-59,-68,-70,-59,1
-70,-71,-69,-67,-71,1
-77,-64,-68,-71,-64,1
-69,-69,-66,-66,-69,1
0,-68,-66,-62,-68,1
0,-64,-68,-66,-64,1
0,-63,-69,-64,-63,1
0,-68,0,-63,-68,1
-70,-66,0,-64,-66,1
-79,-68,0,-64,-68,1
0,-69,-62,-62,-69,1
-68,-72,-57,-66,-72,1
-75,-65,-61,-73,-65,1
-73,-63,-62,-63,-63,1
-72,-63,-67,-62,-63,1
-69,-67,-68,-63,-67,1
0,-64,-62,-66,-64,1
0,-63,-63,-58,-63,1
-65,-68,-67,-62,-68,1
-68,-63,-71,-65,-63,1
-68,-54,-60,-65,-54,1
-69,-61,-73,-64,-61,1
-63,-58,-72,-65,-58,1
-64,-61,-67,-63,-61,1
-66,-74,-67,-72,-74,1
-68,-70,-62,-62,-70,1
-66,-52,-64,-60,-52,1
-66,-66,-61,-65,-66,1
-66,-80,-63,-63,-80,1
-73,-63,-68,-63,-63,1
-70,-53,-64,-66,-53,1
-67,-64,-68,-64,-64,1
-68,-66,-72,-57,-66,1
-68,-57,-68,-59,-57,1
-66,-57,-70,-58,-57,1
-71,-67,-67,-65,-67,1
-74,-64,-57,-62,-64,1
-63,-75,-62,-60,-75,1
-73,-63,-67,-63,-63,1
-75,-60,-63,-67,-60,1
-71,-61,-66,-64,-61,1
-68,-60,-71,-73,-60,1
-65,-65,-71,-74,-65,1
-66,-64,-64,-72,-64,1
-69,-63,0,-65,-63,1
-67,-57,-62,-67,-57,1
0,-54,-68,-68,-54,1
-66,-55,-65,-67,-55,1
-65,-54,-66,-68,-54,1
-65,-54,-73,-72,-54,1
-67,-55,-72,-67,-55,1
-73,-68,-67,-67,-68,1
-77,-54,-66,-66,-54,1
-72,-53,-74,-67,-53,1
-70,-54,-73,-68,-54,1
0,-55,-72,-74,-55,1
-69,-55,-67,-67,-55,1
-65,-55,-62,-63,-55,1
-66,-55,-67,-62,-55,1
-67,-52,-73,-62,-52,1
-75,-51,-67,-65,-51,1
0,-57,-64,-63,-57,1
-66,-53,-67,-65,-53,1
-67,-54,-66,-68,-54,1
-64,-59,-65,-67,-59,1
-69,-54,-65,-67,-54,1
0,-54,-67,-69,-54,1
0,-60,0,-63,-60,1
-71,-57,0,-66,-57,1
-71,-65,-65,-63,-65,1
-72,-60,-70,-65,-60,1
-72,-57,-74,-60,-57,1
-70,-61,-69,-62,-61,1
-80,-66,-69,-61,-66,1
-71,-57,-85,-74,-57,1
-68,-53,-72,-75,-53,1
-68,-54,-74,-74,-54,1
-68,-53,-70,-66,-53,1
-69,-51,-69,-67,-51,1
-72,-52,-74,-63,-52,1
-72,-54,-66,-63,-54,1
-64,-52,-66,-62,-52,1
-70,-52,-69,-71,-52,1
-72,-68,-73,-64,-68,1
-68,-50,-78,-61,-50,1
-67,-54,-68,-69,-54,1
-62,-53,-69,-67,-53,1
-69,-52,-67,-65,-52,1
-65,-52,-71,-66,-52,1
0,-54,-70,-64,-54,1
0,-55,-68,-69,-55,1
-65,-55,0,-59,-55,1
-69,-54,-69,-65,-54,1
-68,-54,-64,-68,-54,1
-72,-46,0,-67,-46,1
-75,-51,-73,-73,-51,1
-68,-49,-73,-66,-49,1
-69,-45,-74,-61,-45,1
-69,-45,-70,-61,-45,1
-66,-52,0,-68,-52,1
-71,-50,-72,-62,-50,1
-68,-47,-63,-74,-47,1
-71,-56,0,-64,-56,1
-68,-59,-74,-65,-59,1
-72,-55,-71,-66,-55,1
-69,-40,-66,-70,-40,1
-73,-53,-67,-67,-53,1
-69,-63,-64,-68,-63,1
-72,-53,-65,-66,-53,1
-64,-59,-66,-66,-59,1
0,-42,-66,-65,-42,1
-75,-51,-68,-66,-51,1
-67,-51,-71,-69,-51,1
-74,-51,-67,-68,-51,1
-70,-53,-75,-66,-53,1
-75,-47,-72,-64,-47,1
-73,-57,-69,-64,-57,1
-68,-54,-66,-71,-54,1
-67,-56,-78,-61,-56,1
-67,-54,-64,-66,-54,1
-67,-54,-61,-74,-54,1
-72,-54,-62,-67,-54,1
-72,-55,-71,-76,-55,1
-73,-56,0,-70,-56,1
-68,-56,-68,-62,-56,1
-72,-61,-59,-65,-61,1
-68,-58,-70,-66,-58,1
-69,-55,-66,-73,-55,1
-75,-55,-62,-66,-55,1
-66,-67,-68,-74,-67,1
-70,-54,-71,-66,-54,1
-66,-54,-62,-71,-54,1
-70,-65,-63,-74,-65,1
0,-62,-61,-72,-62,1
-75,-60,-66,-65,-60,1
-72,-65,-65,-72,-65,1
-63,-53,-65,-70,-53,1
-77,-58,0,-70,-58,1
-79,-51,-68,-62,-51,1
-71,-54,-63,-69,-54,1
-71,-55,-66,-66,-55,1
-78,-62,-66,-68,-62,1
-65,-63,-82,-66,-63,1
-74,-51,-64,-72,-51,1
-71,-55,-71,-69,-55,1
-72,-52,-65,-65,-52,1
-66,-54,-72,-63,-54,1
-65,-54,-67,-59,-54,1
-68,-54,-65,-62,-54,1
-72,-54,-69,-67,-54,1
-72,-56,-64,-65,-56,1
0,-56,-65,-65,-56,1
-69,-56,0,-67,-56,1
-69,-54,-62,-67,-54,1
-76,-58,-66,-63,-58,1
-72,-58,-67,-67,-58,1
-65,-55,-71,-61,-55,1
-76,-56,-70,-54,-56,1
-78,-54,-67,-66,-54,1
-69,-55,-68,-68,-55,1
-74,-68,-66,-66,-68,1
-78,-55,-67,-66,-55,1
-71,-61,-68,-64,-61,1
0,-55,-67,-60,-55,1
-70,-64,0,-66,-64,1
-65,-54,-63,-63,-54,1
-68,-54,-64,-66,-54,1
-74,-67,-71,-69,-67,1
0,-53,-67,-67,-53,1
-71,-54,-76,-68,-54,1
-76,-53,-65,-68,-53,1
-67,-58,-65,-67,-58,1
-70,-69,0,-71,-69,1
-70,-59,0,-69,-59,1
-68,-61,-63,-67,-61,1
0,-56,0,-69,-56,1
-65,-61,-62,-68,-61,1
-60,-56,-65,-68,-56,1
-66,-60,0,-62,-60,1
-68,-62,-63,-62,-62,1
-69,-61,-67,-61,-61,1
-68,-66,-62,-72,-66,1
-63,-67,-61,-67,-67,1
-66,-56,-61,-68,-56,1
-67,-56,0,-65,-56,1
-73,-58,-64,-73,-58,1
-68,-68,-62,-66,-68,1
-68,-62,0,-66,-62,1
-77,-62,-70,-64,-62,1
-66,-67,-68,-59,-67,1
-68,-60,-69,-65,-60,1
-73,-61,-66,-62,-61,1
-65,-64,-65,-59,-64,1
-67,-62,0,-63,-62,1
-77,-65,-65,-57,-65,1
-66,-70,-59,-53,-70,1
-78,-61,0,-67,-61,1
-71,-56,-58,-59,-56,1
-72,-60,-65,-63,-60,1
-66,-60,-59,-62,-60,1
-68,-69,-61,-66,-69,1
-71,-56,-65,-65,-56,1
-64,-65,-64,-59,-65,1
-68,-57,-63,-66,-57,1
-67,-61,-67,-57,-61,1
-74,-58,-63,-60,-58,1
-70,-62,-59,-58,-62,1
-67,-56,-64,-52,-56,1
-74,-59,-64,-56,-59,1
-64,-62,-74,-63,-62,1
-69,-54,-70,-62,-54,1
-64,-59,-75,-65,-59,1
-65,-63,-67,-63,-63,1
-73,-62,-69,-65,-62,1
-67,-58,-62,-66,-58,1
-64,-57,-70,-67,-57,1
0,-62,-74,-58,-62,1
-69,-63,-62,-64,-63,1
-70,-62,-64,-63,-62,1
-68,-62,-63,-63,-62,1
-67,-63,-61,-64,-63,1
-73,-62,-61,-59,-62,1
-73,-68,-63,-66,-68,1
0,-62,-69,-65,-62,1
-73,-54,-72,-69,-54,1
-75,-60,-68,-68,-60,1
-73,-67,-71,-67,-67,1
-75,-58,-65,-67,-58,1
-70,-52,0,-66,-52,1
-78,-63,-70,-69,-63,1
-71,-59,-68,-71,-59,1
-76,-67,-75,-66,-67,1
-74,-62,-66,-59,-62,1
-77,-61,-66,-63,-61,1
0,-64,-65,-61,-64,1
-74,-70,-67,-60,-70,1
-76,-61,-78,-62,-61,1
-74,-59,-67,-61,-59,1
-68,-52,-68,-65,-52,1
-80,-55,-67,-63,-55,1
-71,-61,-62,-63,-61,1
-70,-57,0,-65,-57,1
-67,-60,-59,-62,-60,1
-68,-59,-58,-64,-59,1
0,-57,-61,-67,-57,1
-73,-59,-65,-53,-59,1
0,-58,-54,-56,-58,1
-74,-65,0,-56,-65,1
-71,-54,-56,-52,-54,1
-64,-53,-58,-64,-53,1
-73,-61,0,-71,-61,1
-68,-66,-60,-61,-66,1
0,-64,-58,-61,-64,1
-68,-64,-60,-63,-64,1
-69,-62,-71,-74,-62,1
-76,-66,-67,-70,-66,1
-62,-63,-65,-67,-63,1
-72,-60,-66,-64,-60,1
-72,-65,-62,-67,-65,1
-65,-67,0,-65,-67,1
-63,-54,-66,-63,-54,1
0,-68,-69,-71,-68,1
-67,-64,0,-67,-64,1
-73,-59,-58,-66,-59,1
-74,-66,-63,-67,-66,1
-72,-55,-62,-69,-55,1
-73,-63,-71,-69,-63,1
-69,-60,-62,-66,-60,1
-71,-61,-66,-70,-61,1
-73,-56,-61,-70,-56,1
-68,-53,-61,-66,-53,1
-70,-55,0,-68,-55,1
-72,-57,-67,-74,-57,1
-75,-58,-62,-71,-58,1
0,-63,-64,-68,-63,1
-73,-61,-63,-67,-61,1
-73,-53,-66,-68,-53,1
-72,-57,-68,-67,-57,1
-70,-56,-77,-66,-56,1
-74,-55,-63,-73,-55,1
-58,-52,-71,-66,-52,1
-61,-39,-61,-61,-39,1
-62,-50,-58,-61,-50,1
-64,-73,0,-64,-73,1
-65,-61,-66,-72,-61,1
-62,-50,-59,-66,-50,1
-74,-57,0,-71,-57,1
-69,-62,-78,-69,-62,1
0,-59,-63,-66,-59,1
-68,-62,-63,-60,-62,1
-74,-65,-65,-57,-65,1
-75,-64,-64,-68,-64,1
-71,-61,-63,-76,-61,1
-74,-68,-72,-61,-68,1
0,-60,-67,-69,-60,1
-64,-56,-63,-63,-56,1
-66,-59,-64,-75,-59,1
0,-69,0,-66,-69,1
-77,-64,-65,-64,-64,1
-67,-65,-72,-65,-65,1
-70,-69,-67,-66,-69,1
-68,-68,-67,-69,-68,1
-71,-69,-64,-69,-69,1
-73,-67,-65,-66,-67,1
-85,-70,-67,-64,-70,1
-80,-61,-68,-62,-61,1
-81,-61,-69,-66,-61,1
-76,-63,-66,-63,-63,1
-76,-65,-63,-71,-65,1
-74,-67,-64,-67,-67,1
-72,-62,-64,-70,-62,1
-76,-62,-67,-63,-62,1
-74,-66,-66,-68,-66,1
-76,-68,-66,-71,-68,1
-76,-68,-70,-64,-68,1
-61,-51,-63,-67,-51,1
-68,-53,-66,-60,-53,1
-79,-58,-69,-66,-58,1
-64,-56,-62,-62,-56,1
-76,-54,-64,-65,-54,1
-69,-53,-61,-67,-53,1
-67,-53,-63,-64,-53,1
-68,-63,-64,-66,-63,1
-63,-58,-71,-61,-58,1
-65,-62,-66,-61,-62,1
-70,-59,-70,-66,-59,1
-75,-54,-64,-60,-54,1
0,-44,-69,-63,-44,1
-62,-40,-64,-67,-40,1
-63,-38,-68,-69,-38,1
-68,-34,-73,-75,-34,1
-65,-33,-71,-68,-33,1
-65,-30,-65,-67,-30,1
-67,-34,-70,-69,-34,1
-66,-34,-77,-79,-34,1
-65,-35,-71,-66,-35,1
-64,-30,-71,-74,-30,1
-66,-36,-65,-70,-36,1
-74,-53,-63,-70,-53,1
-77,-57,-75,-68,-57,1
-72,-51,-65,-63,-51,1
-75,-53,-69,-82,-53,1
-71,-67,-65,-72,-67,1
-68,-63,-69,-67,-63,1
-76,-53,-64,-69,-53,1
-78,-55,-70,-64,-55,1
-76,-55,-66,-67,-55,1
-71,-57,-67,-67,-57,1
-68,-59,-71,-62,-59,1
-72,-52,-66,-69,-52,1
-71,-57,-62,-72,-57,1
-74,-62,-70,-63,-62,1
-67,-62,-69,-65,-62,1
-68,-63,-75,-68,-63,1
-71,-67,-68,-65,-67,1
-74,-60,-61,-61,-60,1
-71,-53,-71,-67,-53,1
-64,-52,-69,-71,-52,1
-64,-54,-65,-62,-54,1
-67,-54,-66,-63,-54,1
-69,-51,-72,-63,-51,1
-65,-52,-70,-71,-52,1
-70,-50,-70,-74,-50,1
0,-58,-69,-64,-58,1
-72,-49,-69,-69,-49,1
-69,-59,-69,-69,-59,1
-60,-55,-70,-68,-55,1
-65,-44,-69,-64,-44,1
-67,-40,-64,-71,-40,1
-70,-48,-68,-71,-48,1
-69,-58,-65,-75,-58,1
-67,-53,-65,-72,-53,1
-67,-48,-64,-68,-48,1
-70,-44,-62,-74,-44,1
-81,-59,-62,-66,-59,1
-71,-53,-71,-66,-53,1
-71,-50,-67,-68,-50,1
-74,-52,-62,-68,-52,1
-65,-39,-69,-65,-39,1
-68,-43,-67,-66,-43,1
0,-35,-70,-72,-35,1
-71,-57,-70,-73,-57,1
-76,-58,-71,-61,-58,1
0,-53,-70,-66,-53,1
-74,-58,-64,-72,-58,1
-72,-59,-65,-66,-59,1
-65,-61,-63,-65,-61,1
-63,-59,-73,-74,-59,1
-76,-53,-68,-70,-53,1
-84,-50,-75,-70,-50,1
-67,-62,-67,-70,-62,1
-85,-44,-68,-73,-44,1
-71,-56,-66,-65,-56,1
-74,-59,-67,-70,-59,1
-72,-54,-68,-76,-54,1
-69,-58,-64,-64,-58,1
-79,-57,-65,-67,-57,1
-70,-59,-64,-63,-59,1
-76,-63,-63,-66,-63,1
-79,-59,-62,-72,-59,1
-74,-61,-65,-67,-61,1
-73,-67,-62,-68,-67,1
-74,-55,-72,-63,-55,1
-77,-55,-62,-69,-55,1
-76,-59,-70,-71,-59,1
-82,-61,-70,-74,-61,1
-79,-58,-65,-66,-58,1
-71,-54,-80,-66,-54,1
-67,-58,-74,-64,-58,1
-72,-57,-64,-61,-57,1
-69,-58,-59,-70,-58,1
-80,-53,-65,-64,-53,1
-78,-63,-63,-61,-63,1
-68,-55,-64,-61,-55,1
-71,-60,-66,-66,-60,1
-74,-64,-72,-71,-64,1
-68,-64,-74,-68,-64,1
-66,-65,-65,-72,-65,1
-74,-56,-71,-69,-56,1
-80,-61,-62,-67,-61,1
-68,-55,-68,-68,-55,1
-66,-59,-75,-70,-59,1
-68,-63,-67,-66,-63,1
-67,-61,-70,-59,-61,1
-65,-58,-70,-66,-58,1
-64,-70,-68,-65,-70,1
-64,-58,-70,-77,-58,1
-69,-60,-70,-80,-60,1
-64,-66,-68,-68,-66,1
-64,-60,-61,-62,-60,1
-65,-65,-69,-68,-65,1
-81,-63,-66,-64,-63,1
-71,-64,-66,-72,-64,1
-74,-64,-66,-76,-64,1
-72,-61,-78,-69,-61,1
-78,-63,-68,-76,-63,1
-69,-60,-64,-65,-60,1
-81,-68,-70,-65,-68,1
-73,-63,-65,-73,-63,1
-68,-63,-62,-65,-63,1
-72,-60,-64,-63,-60,1
-64,-72,-68,-69,-72,1
-63,-71,-65,-70,-71,1
-79,-67,-66,-62,-67,1
-70,-76,-70,-62,-76,1
-74,-71,-63,-74,-71,1
-69,-70,-60,-66,-70,1
-77,-66,-66,-70,-66,1
-70,-66,-67,-64,-66,1
-76,-60,-70,-72,-60,1
-80,-61,-69,-70,-61,1
-73,-67,-73,-72,-67,1
-71,-65,-68,-67,-65,1
-72,-68,-68,-74,-68,1
-69,-67,-70,-71,-67,1
-67,-64,-67,-73,-64,1
-81,-72,-71,-70,-72,1
-76,-78,-70,-66,-78,1
-78,-71,-67,-68,-71,1
-79,-69,-79,-69,-69,1
-72,-70,-71,-70,-70,1
-68,-71,-69,-70,-71,1
-69,-61,-66,-61,-61,1
-67,-64,-65,-65,-64,1
0,-59,-66,-58,-59,1
-77,-57,-66,-63,-57,1
-67,-66,-65,-71,-66,1
-64,-67,-64,-64,-67,1
-65,-62,-61,-66,-62,1
-72,-66,-63,-64,-66,1
-65,-64,-65,-66,-64,1
-69,-61,-62,-67,-61,1
-64,-73,-69,-62,-73,1
0,-70,-71,-66,-70,1
-70,-65,-63,-73,-65,1
-77,-61,-69,-72,-61,1
-65,-64,-64,-59,-64,1
-73,-61,-65,-70,-61,1
-69,-65,-67,-65,-65,1
-66,-64,-63,-62,-64,1
-76,-69,-65,-68,-69,1
-69,-61,-61,-60,-61,1
-70,-63,-65,-61,-63,1
-71,-64,-62,-65,-64,1
-66,-64,-69,-60,-64,1
-68,-65,-70,-68,-65,1
-66,-62,-71,-66,-62,1
-76,-60,-68,-58,-60,1
-68,-59,-67,-62,-59,1
-65,-61,-68,-62,-61,1
-71,-61,-66,-65,-61,1
-71,-59,-65,-70,-59,1
-70,-59,-71,-79,-59,1
-70,-71,-78,-72,-71,1
-67,-64,-71,-68,-64,1
-72,-70,-72,-70,-70,1
-71,-63,-64,-58,-63,1
-75,-64,-68,-65,-64,1
-81,-68,-66,-67,-68,1
-73,-63,-63,-65,-63,1
-70,-60,-64,-66,-60,1
-67,-62,-69,-50,-62,1
-67,-62,-70,-56,-62,1
-70,-62,-69,-55,-62,1
-68,-69,-66,-71,-69,1
-64,-64,-67,-70,-64,1
-79,-61,-62,-72,-61,1
-67,-64,-66,-67,-64,1
-64,-59,-74,-72,-59,1
-63,-60,-71,-74,-60,1
-71,-70,-63,-72,-70,1
-78,-64,-65,-70,-64,1
-68,-63,-69,-70,-63,1
-66,-63,-74,-75,-63,1
-69,-66,-71,-82,-66,1
-70,-58,-68,-75,-58,1
-72,-56,-70,-71,-56,1
-72,-61,-67,-73,-61,1
-69,-60,-69,-76,-60,1
-68,-60,-68,-69,-60,1
-71,-60,-69,-76,-60,1
-66,-63,-69,-69,-63,1
-62,-65,-69,-66,-65,1
-69,-59,-67,-66,-59,1
-76,-67,-68,-79,-67,1
-69,-64,-68,-65,-64,1
-73,-59,-64,-63,-59,1
-71,-65,-69,-66,-65,1
-71,-56,-77,-63,-56,1
-74,-58,-67,-65,-58,1
-64,-33,-69,-74,-33,1
-72,-26,-60,-68,-26,1
-64,-48,-74,-71,-48,1
-70,-31,-75,-76,-31,1
-83,-66,-65,-79,-66,1
-63,-38,-66,-72,-38,1
-67,-32,-70,-72,-32,1
-68,-53,-76,-71,-53,1
-82,-42,-68,-65,-42,1
-74,-45,-76,-70,-45,1
-68,-55,-70,-74,-55,1
-70,-45,-79,-73,-45,1
-75,-53,-69,-71,-53,1
-82,-56,-68,-75,-56,1
-74,-60,-73,-76,-60,1
-74,-54,-67,-62,-54,1
-70,-53,-70,-63,-53,1
-69,-63,-67,-62,-63,1
-66,-61,-66,-71,-61,1
-63,-43,-64,-66,-43,1
-64,-62,-71,-57,-62,1
-69,-68,-71,-66,-68,1
-74,-61,-61,-66,-61,1
-72,-58,-62,-74,-58,1
-72,-63,-71,-68,-63,1
-71,-71,-71,-67,-71,1
-68,-57,-73,-70,-57,1
-68,-58,-66,-62,-58,1
-69,-61,-62,-68,-61,1
-68,-57,-71,-65,-57,1
-67,-54,-71,-61,-54,1
-69,-62,-67,-74,-62,1
-66,-62,-67,-66,-62,1
-65,-62,-71,-63,-62,1
-63,-55,-72,-62,-55,1
-62,-55,-70,-64,-55,1
-64,-56,-73,-78,-56,1
-81,-63,-67,-65,-63,1
-73,-62,-63,-63,-62,1
-77,-55,-62,-70,-55,1
-71,-61,-63,-69,-61,1
-71,-57,-61,-70,-57,1
-67,-58,-68,-68,-58,1
-67,-52,-68,-68,-52,1
-69,-69,-71,-67,-69,1
-69,-67,-66,-71,-67,1
-72,-53,-72,-67,-53,1
-63,-54,-63,-75,-54,1
-73,-61,-68,-67,-61,1
-73,-40,-71,-77,-40,1
-58,-61,-65,-74,-61,1
0,-40,-68,-67,-40,1
-71,-61,-61,-66,-61,1
-67,-61,-75,-66,-61,1
-64,-62,-65,-62,-62,1
0,-62,-61,-64,-62,1
0,-69,-66,-66,-69,1
-83,-57,-62,-64,-57,1
-67,-54,-65,-72,-54,1
0,-54,-64,-66,-54,1
-67,-57,-71,-64,-57,1
-72,-50,-69,-70,-50,1
-71,-52,-72,-61,-52,1
-60,-53,-67,-66,-53,1
0,-52,-72,-71,-52,1
-57,-52,-67,-69,-52,1
-65,-50,-68,-64,-50,1
-67,-63,-69,-70,-63,1
-74,-55,-72,-69,-55,1
-73,-59,-64,-76,-59,1
-68,-44,-72,-66,-44,1
-65,-63,-67,-61,-63,1
-71,-63,-70,-69,-63,1
-70,-61,-65,-68,-61,1
-67,-68,-67,-72,-68,1
-68,-58,-60,-74,-58,1
-69,-55,-58,-66,-55,1
-75,-68,-68,-63,-68,1
-74,-59,-66,-65,-59,1
-68,-59,-68,-63,-59,1
-66,-69,-69,-68,-69,1
-68,-52,-64,-60,-52,1
-67,-52,-64,-57,-52,1
-74,-59,-65,-64,-59,1
-84,-61,-65,-59,-61,1
-78,-61,-82,-60,-61,1
-72,-55,-69,-56,-55,1
-73,-58,-76,-60,-58,1
-75,-57,-66,-54,-57,1
-76,-45,-74,-65,-45,1
-76,-42,-69,-57,-42,1
-71,-41,-69,-61,-41,1
-71,-46,-69,-58,-46,1
-69,-48,-60,-60,-48,1
-75,-59,-72,-64,-59,1
-71,-43,-68,-58,-43,1
0,-59,-68,-53,-59,1
-74,-56,-64,-57,-56,1
-66,-56,-66,-57,-56,1
-73,-57,-63,-70,-57,1
-75,-55,-71,-67,-55,1
-72,-42,-66,-61,-42,1
-60,-38,-69,-64,-38,1
-74,-62,-66,-60,-62,1
-69,-56,-64,-66,-56,1
-64,-53,-55,-65,-53,1
-66,-52,-63,-63,-52,1
-70,-55,-58,-60,-55,1
0,-53,-63,-61,-53,1
-68,-59,-70,-67,-59,1
-69,-59,-67,-62,-59,1
-69,-53,-72,-62,-53,1
-70,-58,-69,-58,-58,1
-65,-56,-69,-66,-56,1
-68,-60,-72,-75,-60,3
-63,-58,-73,-69,-58,3
-73,-59,-71,-66,-59,3
0,-62,-71,-73,-71,3
-62,-60,0,-72,-72,3
-64,-55,-67,-65,-68,3
-63,-59,-68,-65,-69,3
-64,-63,-68,-74,-72,3
-64,-58,-70,-66,-73,3
-63,-55,-73,-68,-74,3
-66,-53,-76,-71,-77,3
-64,-66,0,-72,-66,3
-65,-59,-73,-68,-78,3
-66,-55,-77,-70,-70,3
-67,-57,-81,-65,-68,3
-64,-58,-79,-72,-70,3
-65,-57,0,-67,-73,3
-66,-63,0,-72,-76,3
-68,-60,-72,-62,-77,3
-70,-58,-70,-74,-78,3
-68,-56,-73,-70,-74,3
-75,-55,-77,-70,-55,3
-67,-60,0,-61,-76,3
-66,-65,-70,-63,-69,3
-71,-52,-66,-54,-68,3
-74,-73,-63,-68,-84,3
-76,-65,0,-72,-76,3
-77,-63,-62,-79,-63,3
-78,-72,-49,-75,-83,3
-74,-70,-62,-71,-70,3
-77,-68,-57,-72,-88,3
-77,-77,-53,-80,-81,3
-78,-71,0,-72,-71,3
0,-64,-52,-74,-64,3
-82,-73,-53,-85,-85,3
-82,-72,0,-77,-84,3
0,-71,-56,-84,-71,3
0,-69,-54,-82,-69,3
-88,-68,-56,-76,-68,3
-81,-66,-54,-84,-66,3
-84,-62,-52,-84,-62,3
-83,-61,0,-80,-86,3
-85,-64,-46,-82,-86,3
-78,-66,-53,-77,-66,3
-80,-65,-53,-77,-81,3
-77,-66,-54,-78,-80,3
-83,-67,-53,-81,-67,3
-78,-64,-52,-76,-81,3
-80,-65,-53,-78,-83,3
0,-64,-55,-80,-83,3
-86,-64,-53,-78,-82,3
-75,-65,-55,-73,-86,3
-85,-69,-55,-79,-69,3
-79,-70,-55,-76,-89,3
-78,-67,-55,-78,-85,3
-85,-67,-58,-74,-67,3
-81,-65,0,-74,-65,3
-84,-65,-59,-77,-65,3
-82,-67,-51,-79,-83,3
-81,-67,0,-76,-84,3
-76,-65,-56,-74,-65,3
-80,-63,-58,-74,-63,3
-75,-64,-58,-80,-88,3
-78,-66,-53,-79,-85,3
-75,-69,-62,-71,-69,3
-74,-63,0,-73,-88,3
-73,-70,-54,-71,-89,3
-77,-66,-44,-68,-82,3
-75,-66,-52,-71,-86,3
-73,-67,-43,-69,-67,3
-77,-67,-58,-80,-84,3
-74,-69,-57,-79,-83,3
-83,-68,-61,-73,-68,3
-85,-68,-59,-76,-68,3
-86,-71,-56,-76,-84,3
-80,-67,-54,-78,-85,3
0,-73,-39,-73,-73,3
-79,-68,-60,-72,-89,3
-80,-70,-40,-73,-84,3
-84,-72,-50,-77,-72,3
-80,-72,-42,-75,-72,3
-85,-70,0,-77,-80,3
-75,-68,-51,-68,-79,3
-81,-67,-60,-75,-87,3
-80,-75,-53,-72,-75,3
-75,-67,-54,-76,-67,3
-73,-69,-67,-68,-81,3
-76,-69,-60,-82,-88,3
0,-71,-57,-80,-71,3
0,-64,-69,-78,-88,3
-78,-68,-62,-79,-84,3
-82,-72,-63,-79,-72,3
-77,-76,-56,-74,-83,3
-81,-75,-61,-76,-84,3
0,-73,-58,-77,-73,3
0,-72,-59,-87,-81,3
-89,-68,0,-78,-82,3
-80,-72,-55,-73,-72,3
-86,-70,-56,-78,-85,3
-77,-69,0,-82,-69,3
0,-69,-40,-80,-87,3
0,-67,-58,-72,-67,3
-81,-68,0,-71,-68,3
-86,-74,-59,-85,-74,3
-85,-68,-56,-89,-86,3
-75,-67,-51,-73,-67,3
-80,-66,-54,-76,-66,3
-87,-70,-55,-81,-70,3
-90,-76,0,-81,-76,3
-85,-68,-51,-80,-86,3
-76,-65,-42,-76,-84,3
-78,-65,-53,-85,-65,3
-78,-64,-47,-76,-83,3
-79,-65,-56,-83,-86,3
-78,-64,-48,-80,-87,3
-78,-67,-46,-80,-67,3
-87,-68,-39,-77,-86,3
-78,-69,0,-71,-94,3
-77,-77,-41,-70,-89,3
-83,-74,-43,-72,-74,3
-77,-69,0,-73,-69,3
-85,-80,-48,-72,-80,3
-83,-67,-38,-73,-87,3
-80,-75,0,-72,-75,3
-88,-61,-55,-83,-83,3
-89,-66,-62,-78,-66,3
-81,-66,-53,-82,-66,3
-80,-74,-53,-76,-86,3
-83,-68,-48,-83,-68,3
-88,-62,-53,-76,-91,3
-78,-69,-51,-79,-88,3
-75,-63,-49,-77,-81,3
-83,-66,-54,-72,-88,3
-84,-72,-53,-76,-72,3
-79,-67,-41,-84,-67,3
-86,-67,0,-76,-67,3
-80,-67,-49,-74,-91,3
-76,-69,-61,-74,-69,3
-82,-69,-67,-71,-91,3
-82,-71,-57,-77,-93,3
-92,-77,-57,-80,-77,3
-84,-67,-42,-86,-94,3
-80,-73,-39,-78,-73,3
-81,-73,-41,-81,-90,3
0,-72,-50,-84,-72,3
-83,-73,-49,-82,-88,3
-81,-74,-57,-83,-74,3
-81,-73,-52,-74,-73,3
-83,-75,-56,-75,-75,3
0,-72,-54,-75,-72,3
-85,-78,-53,-72,-78,3
-84,-75,-54,-75,-75,3
-84,-79,-50,-75,-79,3
-82,-74,0,-75,-74,3
-77,-72,0,-80,-84,3
-88,-77,-56,-78,-87,3
-82,-71,-48,-79,-71,3
-90,-76,-53,-71,-76,3
0,-69,-53,-72,-69,3
-78,-68,-61,-73,-87,3
-83,-77,0,-76,-84,3
0,-64,-40,-85,-82,3
-83,-65,-38,-89,-88,3
-80,-64,-52,-71,-64,3
-86,-62,-43,-75,-62,3
-80,-64,-52,-81,-87,3
-81,-63,-55,-77,-63,3
-81,-68,-59,-79,-68,3
-86,-65,-67,-79,-86,3
-85,-65,0,-73,-89,3
-85,-65,-56,-78,-65,3
-77,-73,-38,-79,-89,3
-77,-81,0,-79,-81,3
-74,-67,-58,-77,-67,3
-84,-63,-48,-76,-86,3
-85,-69,-35,-75,-69,3
-77,-69,-45,-73,-69,3
-83,-69,-38,-75,-79,3
-83,-69,-34,-67,-79,3
-78,-74,-34,-73,-86,3
-81,-72,-36,-74,-82,3
-83,-73,-37,-72,-85,3
-84,-66,-40,-73,-91,3
0,-68,-38,-75,-68,3
-80,-68,-36,-73,-68,3
-86,-66,-35,-71,-83,3
-83,-65,-38,-71,-65,3
-81,-68,-36,-70,-82,3
-80,-66,-35,-70,-66,3
-79,-65,-34,-73,-87,3
-83,-71,-31,-74,-86,3
-92,-66,-37,-82,-81,3
-86,-65,-36,-84,-65,3
-76,-66,0,-81,-66,3
-78,-67,-36,-84,-67,3
-84,-66,-37,-73,-66,3
-80,-70,0,-75,-78,3
-85,-70,-37,-80,-78,3
-77,-68,-37,-74,-78,3
-85,-72,-39,-77,-72,3
-83,-70,-37,-73,-84,3
-82,-66,-37,-70,-81,3
-87,-66,-37,-75,-86,3
-84,-67,-34,-84,-81,3
-77,-62,-25,-78,-62,3
-80,-65,0,-84,-82,3
-81,-64,-22,-84,-64,3
-80,-68,-25,-83,-82,3
-84,-68,0,-80,-83,3
-82,-67,-24,-78,-67,3
-79,-68,-21,-75,-90,3
-79,-66,0,-76,-92,3
-79,-63,-22,-77,-63,3
-84,-65,-22,-88,-83,3
-81,-67,-24,-82,-67,3
-77,-63,-24,-86,-84,3
-87,-63,-22,-79,-86,3
-82,-65,-25,-85,-84,3
0,-65,-25,-90,-88,3
-78,-62,-23,-85,-82,3
-75,-64,-26,-83,-84,3
-78,-61,-32,-86,-61,3
-76,-65,-24,-81,-65,3
-75,-58,-35,-74,-81,3
-75,-69,-34,-74,-69,3
-74,-70,-40,-70,-83,3
-78,-69,0,-72,-86,3
-72,-66,-33,-74,-83,3
-74,-75,-35,-73,-80,3
-73,-74,-35,-74,-74,3
-74,-71,-35,-74,-88,3
0,-67,-36,-73,-82,3
-79,-67,0,-82,-84,3
-81,-69,-34,-79,-69,3
-74,-64,-43,-83,-64,3
-75,-69,-40,-78,-69,3
-72,-69,-39,-73,-81,3
0,-64,-36,-70,-64,3
-76,-60,-44,-75,-84,3
-81,-63,-40,-74,-63,3
-78,-63,-41,-77,-63,3
-81,-76,-40,-82,-76,3
-84,-65,-39,-80,-65,3
-82,-73,-55,-73,-73,3
-78,-65,-40,-76,-65,3
-77,-72,-38,-78,-72,3
-78,-66,-44,-79,-66,3
-73,-67,-38,-76,-85,3
-83,-66,-44,-79,-66,3
-75,-69,-38,-74,-75,3
-73,-61,-53,-84,-85,3
-77,-66,-53,-71,-66,3
-81,-72,-52,-79,-81,3
-71,-74,-52,-76,-92,3
-86,-70,-46,-75,-70,3
-75,-64,-49,-72,-83,3
-81,-62,-57,-71,-83,3
-78,-72,-44,-72,-80,3
0,-63,-39,-73,-63,3
-80,-68,-41,-75,-78,3
-75,-65,-41,-77,-65,3
0,-71,-54,-72,-88,3
-71,-67,0,-69,-85,3
-84,-63,-47,-73,-63,3
0,-66,-42,-71,-66,3
-75,-62,-43,-77,-82,3
-77,-69,-38,-70,-81,3
-83,-63,-51,-67,-63,3
-87,-61,0,-79,-78,3
-75,-66,-38,-78,-85,3
-79,-64,-54,-77,-64,3
-76,-63,0,-78,-82,3
-76,-68,-34,-74,-68,3
-78,-68,-38,-85,-88,3
-82,-65,-44,-81,-84,3
-78,-73,-39,-74,-73,3
-79,-69,-39,-72,-69,3
-86,-78,0,-85,-78,3
-79,-67,0,-70,-67,3
-78,-77,0,-85,-77,3
-80,-68,0,-77,-68,3
-78,-67,-32,-75,-67,3
-80,-63,-34,-76,-63,3
-73,-67,-38,-75,-67,3
-75,-66,-35,-76,-66,3
-76,-68,-37,-88,-68,3
-73,-58,-53,-76,-58,3
-74,-61,-37,-72,-61,3
-74,-80,-56,-84,-80,3
-78,-65,-49,-87,-65,3
-73,-62,-47,-78,-62,3
-76,-68,-36,-80,-68,3
-78,-64,-32,-73,-64,3
-75,-65,-32,-70,-65,3
-78,-57,-39,-73,-57,3
-73,-64,-57,-73,-64,3
-75,-59,-38,-73,-59,3
0,-58,-52,-71,-58,3
-80,-62,-29,-74,-62,3
-85,-70,-53,-75,-70,3
-78,-78,-42,-73,-78,3
-74,-77,-45,-81,-77,3
-83,-68,-53,-76,-68,3
-80,-68,-43,-79,-68,3
-81,-71,0,-79,-71,3
-82,-74,-41,-83,-74,3
-72,-70,-32,-74,-70,3
-76,-68,-41,-77,-68,3
-79,-66,-34,-76,-66,3
-82,-64,-40,-81,-64,3
-77,-58,-42,-71,-58,3
-88,-66,-34,-76,-66,3
-74,-77,-30,-81,-77,3
-79,-72,-59,-75,-72,3
-75,-68,-42,-73,-68,3
-79,-69,-40,-75,-69,3
-76,-72,-36,-89,-72,3
-83,-70,-55,-83,-70,3
-71,-65,-43,-72,-65,3
-83,-71,0,-74,-71,3
-78,-69,-25,-72,-69,3
-78,-64,-35,-69,-64,3
-85,-61,-35,-85,-61,3
-81,-70,-34,-72,-70,3
-83,-71,-55,-76,-71,3
-82,-65,-50,-73,-65,3
-83,-70,-50,-79,-70,3
-88,-70,-45,-77,-70,3
-84,-76,0,-81,-76,3
-82,-69,-37,-71,-69,3
-74,-65,-37,-72,-65,3
-72,-68,-50,-72,-68,3
-69,-68,-50,-80,-68,3
-74,-67,-33,-76,-67,3
-77,-60,-54,-75,-60,3
-74,-63,-34,-66,-63,3
-78,-65,-42,-75,-65,3
-77,-62,-36,-69,-62,3
-85,-67,0,-79,-67,3
-73,-66,-39,-77,-66,3
-75,-66,-57,-69,-66,3
-76,-67,0,-72,-67,3
-73,-69,-39,-71,-69,3
-73,-63,-56,-67,-63,3
-87,-74,-38,-70,-74,3
-77,-67,-37,-75,-67,3
-74,-65,-42,-75,-65,3
-82,-64,0,-76,-64,3
-77,-66,-62,-75,-66,3
-82,-64,-54,-75,-64,3
-79,-63,-50,-72,-63,3
-77,-67,-49,-72,-67,3
-74,-65,-47,-73,-65,3
-84,-68,-53,-76,-68,3
0,-70,-60,-75,-70,3
-75,-61,-58,-73,-61,3
-75,-69,-41,-68,-69,3
-76,-75,-57,-82,-75,3
-85,-61,-37,-74,-61,3
-80,-65,0,-72,-65,3
-75,-66,-44,-81,-66,3
-79,-63,-36,-74,-63,3
-77,-70,-37,-80,-70,3
-78,-73,-30,-72,-73,3
-75,-64,-37,-71,-64,3
-77,-61,-44,-81,-61,3
-74,-63,-39,-72,-63,3
0,-61,-51,-73,-61,3
-76,-68,-43,-72,-68,3
-72,-62,-41,-72,-62,3
-84,-67,-51,-69,-67,3
-76,-63,-34,-69,-63,3
-76,-72,-29,-73,-72,3
-77,-69,-37,-73,-69,3
-75,-61,-51,-77,-61,3
-82,-70,-38,-78,-70,3
-73,-65,-51,-73,-65,3
-79,-68,0,-79,-68,3
-75,-60,-36,-81,-60,3
-83,-68,-59,-75,-68,3
-69,-65,-54,-74,-65,3
-80,-60,-55,-72,-60,3
-75,-66,-41,-85,-66,3
-81,-62,-42,-74,-62,3
-81,-59,-36,-78,-59,3
-73,-68,-40,-72,-68,3
-69,-67,0,-78,-67,3
-80,-73,-56,-77,-73,3
-79,-76,-48,-83,-76,3
-78,-68,-32,-80,-68,3
-77,-64,-38,-73,-64,3
-75,-70,-37,-75,-70,3
-78,-71,-38,-80,-71,3
-74,-65,-34,-73,-65,3
0,-69,-41,-79,-69,3
-74,-68,-51,-74,-68,3
-68,-65,-52,-72,-65,3
-75,-64,-34,-70,-64,3
-82,-69,0,-80,-69,3
-79,-67,-37,-72,-67,3
0,-68,-31,-69,-68,3
-85,-68,-41,-74,-68,3
-78,-68,-41,-74,-68,3
0,-67,-37,-76,-67,3
-79,-66,-40,-75,-66,3
-81,-67,-38,-80,-67,3
-79,-67,-32,-83,-67,3
-87,-63,-37,-75,-63,3
-83,-69,-37,-73,-69,3
-79,-69,-40,-78,-69,3
0,-65,-37,-82,-65,3
-75,-68,-41,-84,-68,3
-81,-71,-42,-72,-71,3
-64,-37,-67,-67,-37,3
-60,-31,-64,-62,-31,3
-65,-51,-58,-69,-51,3
0,-40,-79,-75,-40,3
-63,-33,-68,-65,-33,3
-71,-28,0,-77,-28,3
-74,-49,-71,-71,-49,3
-71,-41,-62,-65,-41,3
-77,-57,0,-65,-57,3
-74,-66,-58,-66,-66,3
-79,-65,-48,-71,-65,3
-76,-66,-58,-72,-66,3
-75,-64,-44,-78,-64,3
-80,-66,-42,-74,-66,3
-76,-59,-37,-72,-59,3
0,-65,-38,-69,-65,3
-80,-63,-58,-71,-63,3
-75,-68,-37,-74,-68,3
-80,-70,-40,-75,-70,3
-76,-74,-35,-79,-74,3
-77,-70,-37,-74,-70,3
-75,-73,-36,-72,-73,3
-76,-68,-39,-72,-68,3
-79,-71,-38,-72,-71,3
-75,-70,-34,-74,-70,3
-77,-69,-33,-74,-69,3
-77,-70,-36,-72,-70,3
-81,-71,-37,-72,-71,3
0,-68,-36,-71,-68,3
-77,-67,-36,-72,-67,3
-77,-68,-34,-75,-68,3
-75,-69,-58,-72,-69,3
-87,-64,-54,-68,-64,3
-83,-66,-44,-76,-66,3
-80,-67,-41,-74,-67,3
-81,-61,-55,-80,-61,3
-75,-62,-37,-75,-62,3
-79,-66,-53,-75,-66,3
-77,-66,-47,-77,-66,3
0,-66,-43,-74,-66,3
-76,-64,-46,-78,-64,3
-76,-68,-35,-76,-68,3
-80,-68,-42,-75,-68,3
-78,-67,-40,-78,-67,3
-81,-69,-34,-75,-69,3
0,-68,-40,-76,-68,3
0,-71,-35,-74,-71,3
-83,-68,-42,-75,-68,3
-78,-70,0,-75,-70,3
-79,-68,-50,-74,-68,3
-85,-79,-41,-74,-79,3
-80,-72,-46,-74,-72,3
-80,-66,-33,-76,-66,3
-85,-72,-37,-73,-72,3
0,-73,-37,-72,-73,3
-83,-63,-37,-87,-63,3
-80,-76,-48,-76,-76,3
-86,-76,0,0,-76,3
0,-66,-40,-76,-66,3
-81,-74,-37,-81,-74,3
-78,-69,0,-81,-69,3
-83,-65,-39,-76,-65,3
-81,-68,-39,-80,-68,3
-85,-68,-39,-77,-68,3
-86,-66,-37,-75,-66,3
-80,-72,-39,-81,-72,3
-82,-72,-40,-77,-72,3
-84,-66,-38,-76,-66,3
-85,-68,-35,-79,-68,3
-87,-69,-48,-77,-69,3
-82,-78,-39,-76,-78,3
-77,-67,-51,-78,-67,3
-80,-66,-52,-74,-66,3
-81,-66,-57,-75,-66,3
-84,-69,-63,-74,-69,3
-78,-69,-59,-76,-69,3
-70,-74,-52,-77,-74,3
-75,-67,-51,-76,-67,3
-68,-73,-35,-73,-73,3
-82,-71,-45,-71,-71,3
-77,-68,-28,-69,-68,3
-81,-70,-27,-73,-70,3
-80,-65,-31,-73,-65,3
-79,-70,-27,-74,-70,3
-80,-64,-25,-81,-64,3
-80,-65,-28,-82,-65,3
-83,-64,-26,-78,-64,3
-77,-69,0,-75,-69,3
-75,-65,-28,-72,-65,3
-78,-71,-30,0,-71,3
-76,-67,-32,-79,-67,3
-79,-66,-29,-73,-66,3
-80,-73,-37,-83,-73,3
-76,-66,-37,0,-66,3
-75,-64,-37,-74,-64,3
-83,-61,-51,-84,-61,3
-81,-68,-69,-80,-68,3
-76,-67,-45,-80,-67,3
-80,-63,-34,-83,-63,3
-75,-70,0,-72,-70,3
-77,-65,-26,0,-65,3
-79,-61,-26,-78,-61,3
-78,-67,-57,-67,-67,3
-79,-76,-56,-74,-76,3
-74,-70,-37,-85,-70,3
-77,-68,-51,-73,-68,3
-75,-66,-38,-73,-66,3
-79,-64,-37,-73,-64,3
-73,-68,-40,-74,-68,3
-77,-72,-51,-75,-72,3
-72,-68,-37,-73,-68,3
-81,-62,-39,-74,-62,3
0,-71,-40,-72,-71,3
-77,-68,-39,-86,-68,3
-73,-75,-49,-72,-75,3
0,-66,-39,-70,-66,3
-73,-67,-35,-67,-67,3
-72,-65,-44,-67,-65,3
-77,-65,-37,-80,-65,3
-81,-72,-42,-77,-72,3
-74,-66,-53,-80,-66,3
-76,-64,-40,-75,-64,3
-81,-68,-50,-77,-68,3
-77,-62,-55,-74,-62,3
0,-66,-65,-76,-66,3
-77,-69,-44,-76,-69,3
-79,-66,-65,-79,-66,3
-75,-61,-50,-84,-61,3
-75,-64,-42,-80,-64,3
-74,-66,-53,-77,-66,3
-78,-64,-39,-75,-64,3
-77,-64,-40,-84,-64,3
-85,-69,-54,-75,-69,3
-77,-69,-45,-74,-69,3
-76,-68,-55,-74,-68,3
-75,-62,-43,-74,-62,3
-72,-66,-46,-76,-66,3
-71,-60,-52,-72,-60,3
-84,-65,-56,-74,-65,3
-76,-70,-38,-77,-70,3
0,-71,-52,-74,-71,3
-73,-70,-56,-74,-70,3
-79,-80,0,-78,-80,3
-74,-69,-41,-77,-69,3
-76,-70,0,-72,-70,3
-71,-66,0,-75,-66,3
-81,-69,-35,-70,-69,3
-70,-70,-34,-69,-70,3
-74,-69,-35,-74,-69,3
0,-62,-43,-73,-62,3
-75,-65,-35,-77,-65,3
-77,-63,-49,-65,-63,3
-85,-66,-36,0,-66,3
-82,-69,-42,-78,-69,3
-77,-69,-45,-78,-69,3
-82,-77,-46,-72,-77,3
-77,-67,-37,0,-67,3
-78,-66,-42,-81,-66,3
-80,-65,-40,-81,-65,3
-76,-69,-46,-75,-69,3
-91,-71,-44,-78,-71,3
-82,-74,-38,-78,-74,3
-82,-71,-37,-78,-71,3
-77,-74,-42,-87,-74,3
-81,-81,-42,-77,-81,3
-73,-72,-39,-87,-72,3
-78,-72,-59,-83,-72,3
-76,-68,-36,-77,-68,3
-73,-72,-55,0,-72,3
-74,-70,-55,-83,-70,3
-75,-71,-50,-83,-71,3
-86,-68,-44,-79,-68,3
-75,-72,-50,0,-72,3
-83,-71,-39,-75,-71,3
-76,-74,-49,-84,-74,3
-73,-68,-54,-82,-68,3
-75,-66,-56,-83,-66,3
-74,-65,-52,-74,-65,3
-76,-64,-52,-78,-64,3
-76,-79,-54,-86,-79,3
-72,-67,-51,0,-67,3
-79,-77,-49,-70,-77,3
-79,-70,-48,-68,-70,3
-80,-73,-57,-73,-73,3
-76,-65,-39,-68,-65,3
-78,-67,-50,-71,-67,3
-82,-73,-44,-69,-73,3
-79,-67,-50,-73,-67,3
0,-74,-45,-75,-74,3
-78,-74,-43,-76,-74,3
-82,-69,-43,-72,-69,3
-77,-69,-49,-73,-69,3
-81,-69,-52,-74,-69,3
-76,-71,-52,-72,-71,3
-75,-71,-53,-73,-71,3
-79,-73,-53,-73,-73,3
-87,-71,-53,-82,-71,3
-83,-72,-57,-73,-72,3
-79,-68,-59,-72,-68,3
-82,-67,-53,0,-67,3
0,-72,-63,-79,-72,3
-78,-68,-56,-76,-68,3
-84,-62,-45,-68,-62,3
-77,-71,-46,-79,-71,3
-73,-70,-51,-78,-70,3
-73,-70,-55,-72,-70,3
-76,-71,-48,-78,-71,3
-76,-69,-50,-76,-69,3
-76,-67,-54,-71,-67,3
-75,-55,-58,-82,-55,3
-78,-69,-36,-79,-69,3
-80,-64,-36,-71,-64,3
-83,-64,-37,-72,-64,3
-81,-67,-34,-71,-67,3
-77,-62,-37,-72,-62,3
-77,-66,-38,-73,-66,3
-75,-67,-36,-70,-67,3
-78,-66,-35,-72,-66,3
-75,-67,-35,-73,-67,3
-76,-65,-36,-71,-65,3
-79,-66,-34,-73,-66,3
-80,-63,-37,-74,-63,3
-77,-62,-37,-74,-62,3
-79,-64,-35,-73,-64,3
-84,-66,-38,-72,-66,3
-80,-64,-72,-76,-64,3
-80,-66,-36,-75,-66,3
-83,-63,-40,-74,-63,3
-81,-65,-39,-74,-65,3
-85,-66,-37,-75,-66,3
-83,-64,-36,-71,-64,3
-77,-65,-40,-74,-65,3
-80,-64,-38,-75,-64,3
-79,-64,-39,-75,-64,3
-78,-63,-38,-73,-63,3
-79,-64,-38,-75,-64,3
-79,-64,-38,-67,-64,3
-88,-63,-37,-73,-63,3
-78,-65,-38,0,-65,3
-76,-63,-36,-72,-63,3
-75,-63,-38,-72,-63,3
-77,-64,-39,-78,-64,3
-78,-61,-35,-80,-61,3
-78,-63,-37,-72,-63,3
-77,-63,-37,-74,-63,3
-76,-63,-38,-74,-63,3
-78,-63,-36,-77,-63,3
0,-64,-37,-76,-64,3
-77,-62,-38,-72,-62,3
-81,-69,-50,-82,-69,3
-82,-68,-38,-76,-68,3
-79,-67,-47,-84,-67,3
-77,-61,-41,-74,-61,3
-81,-58,-40,-84,-58,3
-78,-62,-46,-76,-62,3
-77,-60,-39,-76,-60,3
-76,-59,-39,-79,-59,3
-77,-61,-41,-73,-61,3
-81,-63,-41,-70,-63,3
-79,-60,-41,-69,-60,3
0,-60,-41,-74,-60,3
-80,-66,-40,-72,-66,3
-79,-62,-41,-71,-62,3
0,-62,-48,-69,-62,3
-78,-58,-38,-68,-58,3
-80,-65,-40,-70,-65,3
-82,-65,-37,-71,-65,3
-81,-63,-34,-73,-63,3
-81,-64,-37,-70,-64,3
-76,-65,-49,-76,-65,3
-78,-67,-62,-76,-67,3
-79,-64,-40,-73,-64,3
-54,-61,0,-56,-82,2
-55,-62,-69,-57,-72,2
-61,-65,-68,-57,-77,2
-59,-62,0,-63,-62,2
-62,-62,-63,-54,-75,2
-53,-57,-64,-63,-69,2
-61,-56,-62,0,-56,2
-56,-54,-61,-57,-72,2
0,-49,-58,-54,-70,2
-43,-66,-62,-59,-66,2
-59,-57,-60,-54,-57,2
0,-62,-64,-53,-83,2
-43,-47,-64,-63,-76,2
-37,-51,0,-57,-51,2
0,-55,-74,-49,-81,2
-52,-58,0,-60,-76,2
-53,-59,-65,-57,-80,2
-58,-66,0,-64,-81,2
-58,-63,-68,-56,-78,2
-64,-58,-68,-57,-75,2
-60,-65,-66,-56,-80,2
-67,-62,-73,-65,-82,2
-63,-63,-72,-52,-79,2
-59,-58,-68,-64,-80,2
-54,-67,0,-58,-77,2
-62,-64,-67,-53,-75,2
0,-63,-63,-51,-76,2
-59,-69,-67,-49,-69,2
-64,-60,-67,-53,-73,2
-59,-55,-62,-53,-83,2
-66,-59,-72,-43,-73,2
-69,-56,-65,-38,-77,2
-60,-63,0,-50,-82,2
-53,-52,-65,-52,-76,2
-56,-55,-65,-52,-84,2
-60,-57,0,-56,-77,2
-52,-55,0,-41,-55,2
-54,-53,-70,-59,-90,2
-55,-59,0,-44,-77,2
-59,-66,-65,-51,-66,2
-53,-60,-66,-52,-73,2
-65,-65,-59,-55,-75,2
-68,-54,-69,-60,-54,2
0,-56,-56,-59,-69,2
-67,-58,-62,-24,-58,2
-58,-58,-68,-35,-70,2
-45,-55,-66,-62,-72,2
-59,-60,-63,-55,-60,2
-59,-61,-63,-54,-77,2
-58,-63,-66,-55,-84,2
-52,-65,-66,-52,-83,2
-55,-63,-64,-55,-79,2
-59,-66,-61,-56,-78,2
-56,-65,-68,-59,-78,2
-54,-76,-60,-61,-76,2
-57,-64,-62,-60,-80,2
-55,-65,-64,-52,-85,2
-58,-51,-62,-67,-51,2
0,-55,-63,-53,-73,2
-70,-57,-69,-56,-82,2
-61,-52,-74,-58,-79,2
-62,-64,-61,-59,-74,2
-60,-63,-72,-57,-76,2
-59,-54,-65,-42,-78,2
-56,-57,-64,-57,-57,2
-58,-60,-56,-56,-60,2
-60,-68,-61,-65,-69,2
-64,-61,-68,-66,-61,2
-62,-63,0,-56,-74,2
-66,-64,-66,-55,-78,2
-61,-59,-63,-55,-78,2
-56,-56,-69,-54,-56,2
-67,-57,-70,-55,-76,2
-68,-56,-71,-53,-74,2
-61,-57,-70,-58,-78,2
-60,-61,-61,-60,-77,2
-70,-54,-63,-65,-74,2
-54,-66,-69,-61,-66,2
0,-56,-58,-56,-88,2
-66,-54,0,-57,-54,2
-45,-53,-65,-62,-74,2
-62,-55,-65,-56,-75,2
-69,-65,0,-56,-70,2
-54,-61,-60,-55,-78,2
0,-63,-67,-49,-76,2
-56,-64,0,-55,-64,2
-59,-49,-67,-58,-49,2
-42,-54,-73,-55,-75,2
-34,-67,-58,-59,-67,2
-36,-63,-65,-52,-63,2
0,-60,-60,-56,-77,2
-41,-57,-61,-63,-57,2
-40,-58,-62,-63,-58,2
-50,-66,-75,-62,-66,2
-50,-61,-74,-59,-61,2
-43,-62,-70,-61,-62,2
-55,-64,-66,-59,-74,2
-54,-64,-69,-61,-77,2
-61,-56,-66,-59,-56,2
-44,-57,-66,-62,-72,2
-63,-58,-54,-58,-58,2
-36,-69,-65,-58,-82,2
-36,-57,-70,-66,-81,2
-40,-65,-60,-58,-88,2
-36,-58,-68,-51,-83,2
-56,-61,-64,-65,-89,2
-39,-56,-62,-59,-80,2
-54,-53,-70,-48,-78,2
-56,-56,-67,-54,-77,2
-58,-59,-73,-59,-87,2
-60,-57,-68,-69,-75,2
-64,-41,-69,-59,-80,2
-62,-42,-69,-63,-81,2
-54,-57,-62,-70,-70,2
-43,-48,-63,-73,-76,2
-60,-60,-70,-61,-76,2
0,-65,-69,-57,-84,2
0,-62,0,-64,-90,2
-52,-76,-65,-56,-81,2
-62,-63,-62,-64,-77,2
-55,-63,-75,-58,-63,2
-59,-59,-64,-58,-59,2
-58,-63,-62,-51,-79,2
0,-67,0,-65,-88,2
-55,-64,-53,-58,-64,2
-64,-67,-57,-59,-85,2
-56,-66,0,-65,-84,2
-45,-68,-64,-64,-78,2
-56,-57,-69,-58,-80,2
-45,-61,-61,-60,-61,2
-55,-63,-71,-62,-71,2
-57,-65,-60,-62,-76,2
-65,-54,-53,-68,-54,2
-58,-60,-69,-55,-60,2
-59,-54,-66,-61,-79,2
-55,-58,-62,-54,-82,2
-43,-59,-58,-60,-76,2
-56,-58,-75,-51,-81,2
-60,-60,-67,-57,-60,2
-51,-56,0,-63,-76,2
-45,-67,-62,-62,-73,2
-54,-51,0,-56,-70,2
-40,-50,0,-63,-50,2
-31,-60,-61,-58,-60,2
-32,-55,-64,-55,-80,2
-38,-62,-64,-53,-62,2
-33,-65,-66,-58,-65,2
-56,-59,-72,-64,-75,2
-33,-52,-79,-62,-52,2
-61,-52,-65,-67,-84,2
-53,-59,-64,-55,-77,2
-59,-60,-58,-57,-74,2
-55,-60,-67,-52,-74,2
-56,-60,-63,-59,-75,2
-56,-53,-68,-57,-79,2
-57,-65,-66,-62,-72,2
-59,-59,0,-68,-59,2
-62,-64,-65,-63,-76,2
-65,-69,-65,-60,-72,2
-59,-70,0,0,-73,2
-63,-63,-62,-60,-71,2
-58,-58,-67,-65,-78,2
-65,-62,0,-66,-62,2
-65,-68,-57,-59,-68,2
-59,-61,-63,-59,-74,2
-64,-59,-56,-57,-59,2
-60,-63,-61,-66,-77,2
0,-58,-58,-55,-79,2
-61,-59,-68,-63,-74,2
-58,-56,0,-53,-56,2
-59,-65,-64,-54,-73,2
-60,-61,-61,-51,-73,2
-61,-65,-68,-39,-73,2
-62,-67,-62,-56,-73,2
-58,-61,-70,-53,-74,2
-62,-55,-63,-55,-73,2
-64,-62,0,-55,-75,2
-57,-60,0,-53,-69,2
-56,-57,-67,-57,-57,2
0,-68,-69,-54,-79,2
-69,-59,0,-38,-73,2
-66,-66,-71,-37,-79,2
0,-67,-61,-58,-78,2
-59,-56,0,-40,-74,2
-57,-57,-68,-61,-57,2
-58,-58,-68,-48,-70,2
-54,-60,-71,-42,-76,2
-57,-54,-67,-43,-69,2
-54,-61,-72,-52,-78,2
-55,-65,-71,-62,-65,2
-61,-54,-72,-50,-71,2
0,-58,-72,-41,-81,2
-41,-61,-67,-53,-78,2
-59,-59,-65,-55,-59,2
0,-62,-67,-41,-78,2
-57,-66,0,-53,-76,2
-56,-66,-66,-53,-66,2
0,-63,-67,-52,-77,2
-58,-71,-68,-53,-71,2
-55,-65,-68,-49,-65,2
-64,-61,-69,-43,-73,2
-66,-70,0,-56,-79,2
-54,-72,-68,-40,-80,2
0,-59,-62,-49,-76,2
-55,-61,0,-41,-80,2
-53,-67,-71,-54,-81,2
-55,-60,-71,-36,-60,2
-59,-60,0,-57,-85,2
-56,-60,-69,-61,-71,2
-53,-67,-69,-59,-86,2
-38,-60,-69,-57,-77,2
-59,-54,-63,-56,-79,2
-61,-53,-71,-67,-85,2
-59,-55,-62,-57,-74,2
-56,-63,-72,-57,-71,2
-66,-59,-71,-62,-73,2
-55,-58,-66,-59,-80,2
-68,-72,-59,-59,-76,2
0,-71,-63,-60,-71,2
-57,-62,0,-61,-75,2
-58,-66,-68,-56,-78,2
0,-63,-62,-63,-78,2
-57,-59,-67,-55,-75,2
-42,-54,-67,-56,-54,2
-41,-55,-60,-54,-81,2
-41,-56,-58,-60,-77,2
-60,-53,-57,-61,-79,2
0,-59,-59,-43,-59,2
-59,-59,-65,-61,-68,2
-54,-65,-63,-56,-75,2
-59,-57,-63,-58,-70,2
-57,-58,0,-60,-81,2
-66,-71,-65,-58,-71,2
-69,-64,0,-64,-64,2
-58,-62,-58,-64,-62,2
0,-62,-61,-58,-62,2
-53,-65,-68,-57,-65,2
-49,-60,-65,-52,-60,2
-43,-62,-66,-56,-62,2
-43,-70,-68,-71,-70,2
-60,-54,-70,-64,-54,2
0,-62,-64,-60,-62,2
-56,-69,-61,-56,-69,2
-53,-61,-64,-55,-61,2
-50,-57,-64,-68,-57,2
-54,-60,-63,-61,-60,2
-50,-57,-66,-54,-57,2
-53,-56,-69,-62,-56,2
-53,-62,-62,-56,-62,2
-42,-61,-64,-60,-61,2
-42,-64,-63,-62,-64,2
-45,-62,0,-63,-62,2
-45,-60,-62,-59,-60,2
-50,-63,-63,-62,-63,2
-54,-61,-64,-69,-61,2
-40,-57,-62,-65,-57,2
-43,-56,0,-64,-56,2
-41,-66,-65,-54,-66,2
-45,-61,-63,-62,-61,2
0,-55,-69,-56,-55,2
-51,-56,-70,-63,-56,2
-54,-60,-72,-65,-60,2
-56,-56,-73,-60,-56,2
-51,-58,-68,-67,-58,2
0,-63,-64,-60,-63,2
-51,-66,-63,-53,-66,2
-41,-56,-61,-60,-56,2
-42,-67,-59,-60,-67,2
-41,-70,-60,-56,-70,2
-43,-60,-61,-57,-60,2
-41,-57,-62,-54,-57,2
0,-60,0,-58,-60,2
-43,-64,-62,-66,-64,2
-37,-61,-66,-56,-61,2
0,-65,-63,-57,-65,2
-41,-61,-61,-55,-61,2
-42,-69,-71,-54,-69,2
-55,-68,-67,-56,-68,2
-60,-53,-65,-58,-53,2
-56,-57,-72,-61,-57,2
-42,-59,-58,-59,-59,2
-54,-61,-62,-50,-61,2
0,-66,-62,-52,-66,2
-55,-59,-65,-53,-59,2
-58,-68,-61,-54,-68,2
-52,-64,-65,-55,-64,2
0,-60,-68,-54,-60,2
-39,-59,-64,-53,-59,2
-54,-64,-75,-56,-64,2
-41,-56,-64,-55,-56,2
-42,-53,-63,-58,-53,2
-50,-62,-74,-56,-62,2
-64,-61,-65,-55,-61,2
-50,-61,-69,-66,-61,2
-70,-60,-69,-59,-60,2
-66,-59,-64,-60,-59,2
-51,-57,-61,-60,-57,2
-39,-70,-70,-58,-70,2
-50,-55,-60,-66,-55,2
-40,-59,-69,-60,-59,2
-56,-64,-66,-59,-64,2
-43,-55,0,-58,-55,2
-49,-56,0,-58,-56,2
-55,-63,-60,-61,-63,2
-62,-59,0,-62,-59,2
-62,-68,-67,-57,-68,2
-73,-67,-65,-61,-67,2
-59,-61,0,-51,-61,2
-65,-66,-68,-57,-66,2
-48,-56,-63,-59,-56,2
-54,-62,0,-54,-62,2
-41,-62,-55,-57,-62,2
-54,-66,-66,-56,-66,2
-52,-55,-62,-59,-55,2
-51,-55,-61,-54,-55,2
0,-62,-72,-55,-62,2
-57,-55,0,-49,-55,2
-55,-69,-59,-57,-69,2
-56,-62,-62,-56,-62,2
-65,-56,-61,-58,-56,2
-64,-66,-65,-61,-66,2
0,-69,-63,-55,-69,2
-41,-64,-76,-53,-64,2
-51,-66,-70,-39,-66,2
-50,-64,-68,-43,-64,2
-43,-63,0,-51,-63,2
-57,-61,0,-55,-61,2
-40,-52,0,-57,-52,2
-50,-51,0,-53,-51,2
-47,-63,-60,-58,-63,2
-60,-53,-65,-62,-53,2
-55,-62,-76,-56,-62,2
-64,-72,-68,-63,-72,2
-54,-63,0,-62,-63,2
-70,-59,-72,-53,-59,2
-60,-56,-62,-60,-56,2
-51,-61,-70,-59,-61,2
-64,-57,-63,-54,-57,2
-64,-58,-72,-59,-58,2
-59,-62,-65,-52,-62,2
-60,-64,-61,-57,-64,2
-45,-68,0,-51,-68,2
-60,-59,-68,-61,-59,2
-59,-59,-78,-60,-59,2
-66,-64,-64,-68,-64,2
0,-65,-66,-60,-65,2
0,-55,-62,-52,-55,2
-54,-62,-76,-57,-62,2
-52,-50,-74,-55,-50,2
-60,-53,-70,-60,-53,2
-41,-53,0,-61,-53,2
0,-53,-66,-58,-53,2
-42,-61,-72,-59,-61,2
-56,-60,-58,-55,-60,2
-56,-62,-60,-56,-62,2
-54,-58,-66,-57,-58,2
-63,-63,-74,-55,-63,2
-60,-62,-68,-52,-62,2
-53,-55,-64,-56,-55,2
-54,-56,-72,-55,-56,2
-40,-61,-65,-39,-61,2
-62,-63,-68,-59,-63,2
-56,-70,-63,-53,-70,2
-41,-57,-72,-61,-57,2
-40,-64,-63,-61,-64,2
-50,-64,0,-64,-64,2
-59,-64,-70,-59,-64,2
-58,-54,-69,-60,-54,2
-59,-57,-64,-77,-57,2
-54,-64,-62,-52,-64,2
-45,-63,-67,-59,-63,2
-55,-60,-65,-55,-60,2
-55,-62,-72,-58,-62,2
-55,-64,-64,-56,-64,2
-62,-60,-64,-63,-60,2
-55,-60,-69,-57,-60,2
-57,-77,-65,-53,-77,2
0,-60,-67,-51,-60,2
-54,-67,-75,-58,-67,2
-44,-58,-67,-60,-58,2
-56,-72,0,-53,-72,2
-59,-64,-74,-59,-64,2
-55,-60,-59,-61,-60,2
-51,-67,0,-56,-67,2
-49,-66,-55,-61,-66,2
-61,-67,-67,-54,-67,2
-60,-72,-74,-61,-72,2
-55,-72,-70,-61,-72,2
-61,-61,-67,-57,-61,2
-65,-59,0,-63,-59,2
0,-61,-66,-64,-61,2
-56,-56,-64,-55,-56,2
-55,-63,0,-62,-63,2
-66,-61,-75,-63,-61,2
-57,-61,-71,-62,-61,2
-64,-61,0,-62,-61,2
0,-62,-68,-58,-62,2
-57,-65,-61,-59,-65,2
-62,-58,-60,-57,-58,2
-52,-64,-67,-54,-64,2
-62,-60,-56,-57,-60,2
-53,-63,-56,-58,-63,2
-54,-62,-71,-55,-62,2
-57,-63,-58,-55,-63,2
-57,-66,-60,-49,-66,2
-56,-63,-67,-60,-63,2
-57,-56,-69,-54,-56,2
0,-54,-62,-60,-54,2
-41,-60,-75,-55,-60,2
-33,-50,-66,-58,-50,2
-42,-58,-65,-62,-58,2
-50,-61,-62,-58,-61,2
-43,-63,-70,-54,-63,2
0,-64,-69,-64,-64,2
-58,-56,-64,-74,-56,2
-55,-63,-64,-75,-63,2
0,-54,-64,-57,-54,2
-65,-60,-67,-58,-60,2
-67,-63,0,-56,-63,2
-63,-53,-68,-57,-53,2
-55,-63,-69,-63,-63,2
-55,-56,-61,-57,-56,2
-59,-51,-63,-60,-51,2
-53,-56,-64,-67,-56,2
-44,-58,-61,-53,-58,2
-45,-63,-64,-53,-63,2
-41,-55,-68,-59,-55,2
-37,-50,-67,-64,-50,2
-42,-66,-64,-61,-66,2
-43,-59,-65,-55,-59,2
-58,-62,-66,-62,-62,2
0,-65,-70,-58,-65,2
-62,-68,-62,-59,-68,2
-69,-62,-65,-57,-62,2
0,-71,-58,-60,-71,2
-60,-65,-64,-56,-65,2
-57,-61,-69,-59,-61,2
0,-65,-74,-67,-65,2
-74,-71,-68,-64,-71,2
-73,-68,-64,-65,-68,2
-60,-62,-69,-56,-62,2
-57,-70,-64,-56,-70,2
-59,-69,-64,-59,-69,2
-56,-68,-78,-53,-68,2
-46,-66,-69,-63,-66,2
-53,-69,-67,-63,-69,2
0,-67,-76,-56,-67,2
-55,-64,-66,-54,-64,2
-58,-60,-64,-62,-60,2
-43,-58,-70,-54,-58,2
-43,-60,-60,-49,-60,2
-42,-57,-62,-64,-57,2
-39,-66,-57,-57,-66,2
-61,-59,-73,-56,-59,2
-54,-57,0,-62,-57,2
-56,-69,-63,-57,-69,2
-62,-54,-63,-61,-54,2
-57,-56,-65,-64,-56,2
-58,-56,-65,-55,-56,2
-55,-54,-69,-52,-54,2
-60,-66,-56,-65,-66,2
-56,-70,-63,-52,-70,2
-64,-60,-69,-56,-60,2
-53,-63,0,-62,-63,2
-57,-63,-65,-59,-63,2
-55,-65,-60,-63,-65,2
-68,-63,-73,-62,-63,2
-58,-68,-68,-65,-68,2
-55,-70,-67,-71,-70,2
-66,-61,-59,-56,-61,2
-55,-54,-55,-62,-54,2
-67,-62,-64,-63,-62,2
-59,-67,-67,-59,-67,2
-54,-62,0,-55,-62,2
-61,-65,-69,-62,-65,2
-57,-70,0,-63,-70,2
-62,-60,-68,-55,-60,2
-36,-57,-64,-57,-57,2
0,-56,-63,-61,-56,2
-51,-56,-69,-59,-56,2
-42,-63,-67,-64,-63,2
-60,-66,-64,-41,-66,2
-60,-65,-70,-61,-65,2
-42,-55,-63,-62,-55,2
-49,-57,0,-57,-57,2
-40,-58,-64,-64,-58,2
-43,-60,-62,-56,-60,2
-54,-67,-67,-55,-67,2
-44,-62,-61,-53,-62,2
-44,-55,-66,-57,-55,2
-52,-61,-68,-57,-61,2
-54,-63,-64,-68,-63,2
-46,-64,-64,-67,-64,2
-53,-56,0,-54,-56,2
